emp_name,id,state,dob,age,sex,maritaldesc,citizendesc,racedesc,doh,dot,rft,employment_status,department,position,money,manager,employee_source,performance_score
"Brown, Mia",1103024456,MA,11/24/85,32,Female,Married,US Citizen,Black or African American,10/27/08,,N/A - still employed,Active,Admin Offices,Accountant I,28.5,Brandon R. LeBlanc,Diversity Job Fair,Fully Meets
"LaRotonda, William  ",1106026572,MA,4/26/84,33,Male,Divorced,US Citizen,Black or African American,1/6/14,,N/A - still employed,Active,Admin Offices,Accountant I,23,Brandon R. LeBlanc,Website Banner Ads,Fully Meets
"Steans, Tyrone  ",1302053333,MA,9/1/86,31,Male,Single,US Citizen,White,9/29/14,,N/A - still employed,Active,Admin Offices,Accountant I,29,Brandon R. LeBlanc,Internet Search,Fully Meets
"Howard, Estelle",1211050782,MA,9/16/85,32,Female,Married,US Citizen,White,2/16/15,4/15/15,N/A - still employed,Active,Admin Offices,Administrative Assistant,21.5,Brandon R. LeBlanc,Pay Per Click - Google,N/A- too early to review
"Singh, Nan ",1307059817,MA,5/19/88,29,Female,Single,US Citizen,White,5/1/15,,N/A - still employed,Active,Admin Offices,Administrative Assistant,16.56,Brandon R. LeBlanc,Website Banner Ads,N/A- too early to review
"Smith, Leigh Ann",711007713,MA,6/14/87,30,Female,Married,US Citizen,Asian,9/26/11,9/25/13,career change,Voluntarily Terminated,Admin Offices,Administrative Assistant,20.5,Brandon R. LeBlanc,Diversity Job Fair,Fully Meets
"LeBlanc, Brandon  R",1102024115,MA,6/10/84,33,Male,Married,US Citizen,White,1/5/16,,N/A - still employed,Active,Admin Offices,Shared Services Manager,55,Janet King,Monster.com,Fully Meets
"Quinn, Sean",1206043417,MA,11/6/84,33,Male,Married,Eligible NonCitizen,Black or African American,2/21/11,8/15/15,career change,Voluntarily Terminated,Admin Offices,Shared Services Manager,55,Janet King,Diversity Job Fair,Fully Meets
"Boutwell, Bonalyn",1307060188,MA,4/4/87,30,Female,Married,US Citizen,Asian,2/16/15,,N/A - still employed,Active,Admin Offices,Sr. Accountant,34.95,Brandon R. LeBlanc,Diversity Job Fair,90-day meets
"Foster-Baker, Amy",1201031308,MA,4/16/79,38,Female,Married,US Citizen,White,1/5/09,,N/A - still employed,Active,Admin Offices,Sr. Accountant,34.95,Board of Directors,Other,Fully Meets
"King, Janet",1001495124,MA,9/21/54,63,Female,Married,US Citizen,White,7/2/12,,N/A - still employed,Active,Executive Office,President & CEO,80,Board of Directors,Pay Per Click - Google,Fully Meets
"Zamora, Jennifer",1112030816,MA,8/30/79,38,Female,Single,US Citizen,White,4/10/10,,N/A - still employed,Active,IT/IS,CIO,65,Janet King,Employee Referral,Exceptional
"Becker, Renee",1102024056,MA,4/4/86,31,Female,Single,US Citizen,White,7/7/14,9/12/15,performance,Terminated for Cause,IT/IS,Database Administrator,43,Simon Roup,Search Engine - Google Bing Yahoo,Fully Meets
"Goble, Taisha",905013738,MA,10/23/71,46,Female,Single,US Citizen,White,2/16/15,3/15/15,"no-call, no-show",Terminated for Cause,IT/IS,Database Administrator,48.5,Simon Roup,Glassdoor,Fully Meets
"Hernandez, Daniff",1410071156,MA,8/7/86,31,Male,Married,US Citizen,Black or African American,2/16/15,2/22/15,"no-call, no-show",Terminated for Cause,IT/IS,Database Administrator,40.1,Simon Roup,Employee Referral,N/A- too early to review
"Horton, Jayne",1105025718,MA,2/21/84,33,Female,Single,US Citizen,White,3/30/15,,N/A - still employed,Active,IT/IS,Database Administrator,34,Simon Roup,Glassdoor,N/A- too early to review
"Johnson, Noelle ",1003018246,MA,11/7/86,31,Female,Married,US Citizen,Asian,1/5/15,,N/A - still employed,Leave of Absence,IT/IS,Database Administrator,40,Simon Roup,Glassdoor,90-day meets
"Murray, Thomas",1406068403,TX,7/4/88,29,Male,Divorced,US Citizen,Black or African American,11/10/14,,N/A - still employed,Active,IT/IS,Database Administrator,35.5,Simon Roup,Diversity Job Fair,Exceptional
"Pearson, Randall",1102023965,MA,9/5/84,33,Male,Married,US Citizen,White,12/1/14,5/1/16,performance,Voluntarily Terminated,IT/IS,Database Administrator,41,Simon Roup,Employee Referral,Fully Meets
"Petrowsky, Thelma",1108027853,MA,9/16/84,33,Female,Married,US Citizen,Asian,11/10/14,,N/A - still employed,Active,IT/IS,Database Administrator,42.75,Simon Roup,Employee Referral,Exceptional
"Roby, Lori ",1407068885,MA,10/11/81,36,Female,Married,US Citizen,White,2/16/15,,N/A - still employed,Active,IT/IS,Database Administrator,39.55,Simon Roup,Employee Referral,Fully Meets
"Rogers, Ivan",1203032255,MA,8/26/86,31,Male,Married,US Citizen,White,3/30/15,,N/A - still employed,Active,IT/IS,Database Administrator,42.2,Simon Roup,Pay Per Click - Google,N/A- too early to review
"Salter, Jason",1111030148,MA,12/17/87,30,Male,Divorced,US Citizen,Black or African American,1/5/15,10/31/15,hours,Voluntarily Terminated,IT/IS,Database Administrator,45,Simon Roup,Vendor Referral,90-day meets
"Simard, Kramer",808010278,MA,2/8/70,47,Male,Married,US Citizen,White,1/5/15,,N/A - still employed,Active,IT/IS,Database Administrator,30.2,Simon Roup,Employee Referral,90-day meets
"Zhou, Julia",1110029732,MA,2/24/79,38,Female,Single,US Citizen,White,3/30/15,,N/A - still employed,Active,IT/IS,Database Administrator,31.4,Simon Roup,Employee Referral,90-day meets
"Foss, Jason",1192991000,MA,7/5/80,37,Male,Single,US Citizen,Black or African American,4/15/11,,N/A - still employed,Active,IT/IS,IT Director,65,Jennifer Zamora,Professional Society,Exceptional
"Roup,Simon",1106026933,MA,4/5/73,44,Male,Single,US Citizen,White,1/20/13,,N/A - still employed,Active,IT/IS,IT Manager - DB,62,Jennifer Zamora,Professional Society,Fully Meets
"Ruiz, Ricardo",1001175250,MA,1/4/64,54,Male,Divorced,US Citizen,Two or more races,1/9/12,11/4/15,hours,Voluntarily Terminated,IT/IS,IT Manager - DB,21,Jennifer Zamora,Diversity Job Fair,Fully Meets
"Monroe, Peter",1011022863,MA,10/5/86,31,Male,Married,Eligible NonCitizen,Hispanic,2/15/12,,N/A - still employed,Active,IT/IS,IT Manager - Infra,63,Jennifer Zamora,Diversity Job Fair,Needs Improvement
"Dougall, Eric",1101023754,MA,7/9/70,47,Male,Single,US Citizen,White,1/5/14,,N/A - still employed,Active,IT/IS,IT Manager - Support,64,Jennifer Zamora,Professional Society,Exceeds
"Clayton, Rick",1301052902,MA,9/5/85,32,Male,Single,US Citizen,White,9/5/12,,N/A - still employed,Active,IT/IS,IT Support,28.99,Eric Dougall,Glassdoor,Fully Meets
"Galia, Lisa",1501072093,CT,7/6/68,49,Female,Single,US Citizen,White,5/1/10,,N/A - still employed,Active,IT/IS,IT Support,31.4,Eric Dougall,Vendor Referral,Fully Meets
"Lindsay, Leonara ",602000312,CT,10/5/88,29,Female,Single,US Citizen,Two or more races,1/21/11,,N/A - still employed,Active,IT/IS,IT Support,26,Eric Dougall,Diversity Job Fair,Exceeds
"Soto, Julia ",1203032263,MA,3/12/73,44,Female,Married,US Citizen,Black or African American,6/10/11,,N/A - still employed,Active,IT/IS,IT Support,27.49,Eric Dougall,Information Session,Fully Meets
"Bacong, Alejandro ",1212052023,MA,1/7/88,30,Male,Divorced,US Citizen,White,1/5/15,,N/A - still employed,Active,IT/IS,Network Engineer,45,Peter Monroe,Glassdoor,90-day meets
"Cisco, Anthony",1102024173,MA,11/24/89,28,Male,Married,US Citizen,White,3/30/15,,N/A - still employed,Active,IT/IS,Network Engineer,42,Peter Monroe,Information Session,N/A- too early to review
"Dolan, Linda",1101023540,MA,7/18/88,29,Female,Married,US Citizen,White,1/5/15,,N/A - still employed,Active,IT/IS,Network Engineer,37,Peter Monroe,Employee Referral,90-day meets
"Gonzalez, Maria",1988299991,MA,4/16/81,36,Female,Separated,US Citizen,White,1/5/15,,N/A - still employed,Active,IT/IS,Network Engineer,39,Peter Monroe,Employee Referral,Fully Meets
"Merlos, Carlos",1012023013,MA,6/18/87,30,Male,Single,US Citizen,White,3/30/15,,N/A - still employed,Active,IT/IS,Network Engineer,43,Peter Monroe,Vendor Referral,N/A- too early to review
"Morway, Tanya",1001956578,MA,4/4/79,38,Female,Married,US Citizen,White,2/16/15,,N/A - still employed,Active,IT/IS,Network Engineer,27,Peter Monroe,Monster.com,Fully Meets
"Shepard, Anita ",906014183,MA,4/14/81,36,Female,Married,US Citizen,White,9/30/14,,N/A - still employed,Active,IT/IS,Network Engineer,47,Peter Monroe,Vendor Referral,Fully Meets
"Tredinnick, Neville ",1104025466,MA,5/5/88,29,Male,Married,US Citizen,White,1/5/15,5/12/15,medical issues,Voluntarily Terminated,IT/IS,Network Engineer,28,Peter Monroe,Monster.com,Fully Meets
"Turpin, Jumil",1411071506,MA,3/31/69,48,Male,Married,Eligible NonCitizen,White,3/30/15,,N/A - still employed,Active,IT/IS,Network Engineer,49.1,Peter Monroe,Employee Referral,N/A- too early to review
"Ait Sidi, Karthikeyan   ",1307060199,MA,5/5/75,42,Male,Married,US Citizen,White,3/30/15,6/16/16,career change,Voluntarily Terminated,IT/IS,Sr. DBA,62,Simon Roup,Company Intranet - Partner,Fully Meets
"Carr, Claudia  N",1010022337,MA,6/6/86,31,Female,Single,US Citizen,Black or African American,6/30/16,,N/A - Has not started yet,Future Start,IT/IS,Sr. DBA,61.3,Simon Roup,Vendor Referral,N/A- too early to review
"Favis, Donald  ",1412071562,CT,7/30/64,53,Male,Single,US Citizen,Black or African American,2/17/14,2/19/16,hours,Terminated for Cause,IT/IS,Sr. DBA,58.2,Simon Roup,Vendor Referral,Fully Meets
"Roehrich, Bianca",1111030266,MA,5/27/73,44,Female,Single,US Citizen,White,1/5/15,11/10/15,Another position,Voluntarily Terminated,IT/IS,Sr. DBA,58.5,Simon Roup,Vendor Referral,90-day meets
"Daniele, Ann  ",1411071312,CT,1/18/52,66,Female,Married,US Citizen,White,11/10/14,,N/A - still employed,Leave of Absence,IT/IS,Sr. Network Engineer,54.1,Peter Monroe,Vendor Referral,Fully Meets
"Lajiri,  Jyoti",1108028108,MA,4/23/86,31,Male,Married,US Citizen,White,11/10/14,,N/A - still employed,Leave of Absence,IT/IS,Sr. Network Engineer,56.2,Peter Monroe,Employee Referral,Fully Meets
"Semizoglou, Jeremiah  ",904013591,MA,2/9/83,34,Male,Married,US Citizen,Asian,6/30/16,,N/A - Has not started yet,Future Start,IT/IS,Sr. Network Engineer,53.8,Peter Monroe,On-campus Recruiting,N/A- too early to review
"South, Joe",1308060959,CT,9/9/65,52,Male,Single,US Citizen,White,11/10/14,,N/A - still employed,Active,IT/IS,Sr. Network Engineer,53,Peter Monroe,Employee Referral,90-day meets
"Warfield, Sarah",1301052347,MA,5/2/78,39,Female,widowed,US Citizen,Asian,3/30/15,,N/A - still employed,Active,IT/IS,Sr. Network Engineer,55.2,Peter Monroe,Employee Referral,N/A- too early to review
"Bramante, Elisa",1006020066,MA,3/19/83,34,Female,Single,US Citizen,Black or African American,1/5/09,,N/A - still employed,Active,Production       ,Director of Operations,60,Janet King,Other,Exceeds
"Albert, Michael  ",1501072311,MA,10/10/68,49,Male,Divorced,US Citizen,White,8/1/11,,N/A - still employed,Active,Production       ,Production Manager,54.5,Janet King,Employee Referral,Fully Meets
"Bozzi, Charles",1303054580,MA,3/10/70,47,Male,Single,US Citizen,Asian,9/30/13,8/7/14,retiring,Voluntarily Terminated,Production       ,Production Manager,50.5,Janet King,Billboard,Fully Meets
"Butler, Webster  L",1110029990,MA,8/9/83,34,Male,Single,US Citizen,White,1/28/16,,N/A - still employed,Active,Production       ,Production Manager,55,Janet King,Pay Per Click - Google,Exceeds
"Dunn, Amy  ",1409070147,MA,11/28/73,44,Female,Single,US Citizen,White,9/18/14,,N/A - still employed,Active,Production       ,Production Manager,51,Janet King,Search Engine - Google Bing Yahoo,Fully Meets
"Gray, Elijiah  ",1307060077,MA,7/11/81,36,Male,Divorced,US Citizen,White,6/2/15,,N/A - still employed,Active,Production       ,Production Manager,54,Janet King,Employee Referral,Fully Meets
"Hogland, Jonathan ",1001944783,MA,7/1/72,45,Male,Married,US Citizen,White,1/10/11,12/12/15,attendance,Terminated for Cause,Production       ,Production Manager,48.5,Janet King,Employee Referral,Fully Meets
"Immediato, Walter",1403065874,MA,11/15/76,41,Male,Married,US Citizen,Asian,2/21/11,9/24/12,unhappy,Voluntarily Terminated,Production       ,Production Manager,42,Janet King,Other,Needs Improvement
"Liebig, Ketsia",1103024679,MA,10/26/81,36,Female,Married,US Citizen,White,9/30/13,,N/A - still employed,Active,Production       ,Production Manager,55,Janet King,Website Banner Ads,Exceeds
"Miller, Brannon",1107027351,MA,8/10/81,36,Male,Single,US Citizen,Hispanic,8/16/12,,N/A - still employed,Active,Production       ,Production Manager,53,Janet King,Internet Search,Fully Meets
"Peterson, Ebonee  ",1402065355,MA,5/9/77,40,Female,Married,US Citizen,White,10/25/10,5/18/16,Another position,Voluntarily Terminated,Production       ,Production Manager,38.5,Janet King,Internet Search,Fully Meets
"Spirea, Kelley",1102024149,MA,9/30/75,42,Female,Married,US Citizen,White,10/2/12,,N/A - still employed,Active,Production       ,Production Manager,52,Janet King,Vendor Referral,Fully Meets
"Stanley, David ",1000974650,MA,12/17/75,42,Male,Divorced,US Citizen,White,7/20/10,,N/A - still employed,Active,Production       ,Production Manager,53,Janet King,Monster.com,Needs Improvement
"Sullivan, Kissy ",1405067298,MA,3/28/78,39,Female,Married,US Citizen,Black or African American,1/8/09,,N/A - still employed,Active,Production       ,Production Manager,55,Janet King,Billboard,Fully Meets
"Wallace, Courtney  E",1410071026,MA,11/14/55,62,Female,Married,US Citizen,Black or African American,9/26/11,1/2/12,Another position,Voluntarily Terminated,Production       ,Production Manager,33.5,Janet King,Diversity Job Fair,Fully Meets
"Adinolfi, Wilson  K",1409070522,MA,7/10/83,34,Male,Single,US Citizen,White,7/5/11,,N/A - still employed,Active,Production       ,Production Technician I,20,Michael Albert,MBTA ads,Exceeds
"Alagbe,Trina",1011022883,MA,9/27/88,29,Female,Married,US Citizen,White,1/7/08,,N/A - still employed,Active,Production       ,Production Technician I,21,Elijiah Gray,Billboard,Fully Meets
"Anderson, Carol ",1001417624,MA,9/8/89,28,Female,Divorced,US Citizen,White,7/11/11,9/6/11,return to school,Voluntarily Terminated,Production       ,Production Technician I,16,Webster Butler,Word of Mouth,N/A- too early to review
"Anderson, Linda  ",1304055947,MA,5/22/77,40,Female,Single,US Citizen,White,1/9/12,,N/A - still employed,Active,Production       ,Production Technician I,23,Amy Dunn,MBTA ads,Exceptional
"Athwal, Sam",1301052124,MA,2/18/83,34,Male,widowed,US Citizen,White,9/30/13,,N/A - still employed,Active,Production       ,Production Technician I,22,Ketsia Liebig,Employee Referral,N/A- too early to review
"Bachiochi, Linda",1212051409,MA,2/11/70,47,Female,Single,US Citizen,Two or more races,7/6/09,,N/A - still employed,Leave of Absence,Production       ,Production Technician I,22,Brannon Miller,Diversity Job Fair,Fully Meets
"Baczenski, Rachael  ",1307060083,MA,1/12/74,44,Female,Married,US Citizen,Hispanic,1/10/11,1/12/11,Another position,Voluntarily Terminated,Production       ,Production Technician I,17,David Stanley,Diversity Job Fair,N/A- too early to review
"Barbara, Thomas",1312063507,MA,2/21/74,43,Male,Married,US Citizen,Asian,4/2/12,9/19/12,unhappy,Voluntarily Terminated,Production       ,Production Technician I,22,Kissy Sullivan,Diversity Job Fair,90-day meets
"Barone, Francesco  A",1101023679,MA,7/20/83,34,Male,Single,US Citizen,Two or more races,2/20/12,,N/A - still employed,Active,Production       ,Production Technician I,16.76,Kelley Spirea,Social Networks - Facebook Twitter etc,Fully Meets
"Barton, Nader",1212051962,MA,7/15/77,40,Male,Divorced,US Citizen,White,9/24/12,4/6/13,Another position,Voluntarily Terminated,Production       ,Production Technician I,18,Michael Albert,On-line Web application,Fully Meets
"Beatrice, Courtney ",1403066194,MA,10/27/70,47,Female,Single,Eligible NonCitizen,White,4/4/11,,N/A - still employed,Active,Production       ,Production Technician I,22,Elijiah Gray,Search Engine - Google Bing Yahoo,Fully Meets
"Becker, Scott",1110029777,MA,4/6/79,38,Male,Single,US Citizen,Asian,7/8/13,,N/A - still employed,Leave of Absence,Production       ,Production Technician I,17,Webster Butler,MBTA ads,Fully Meets
"Bernstein, Sean",1109029366,MA,12/22/70,47,Male,Single,US Citizen,White,4/2/12,,N/A - still employed,Active,Production       ,Production Technician I,16,Amy Dunn,Word of Mouth,Fully Meets
"Biden, Lowan  M",1412071844,MA,12/27/58,59,Female,Divorced,US Citizen,Asian,8/19/13,,N/A - still employed,Active,Production       ,Production Technician I,22,Ketsia Liebig,Billboard,Fully Meets
"Billis, Helen",1308060366,MA,9/1/89,28,Female,Married,US Citizen,White,7/7/14,,N/A - still employed,Active,Production       ,Production Technician I,16,Brannon Miller,Professional Society,Exceeds
"Brill, Donna",1406068293,MA,8/24/90,27,Female,Married,US Citizen,White,4/2/12,6/15/13,Another position,Voluntarily Terminated,Production       ,Production Technician I,20,David Stanley,Search Engine - Google Bing Yahoo,Fully Meets
"Bugali, Josephine ",1408069635,MA,10/30/69,48,Female,Separated,US Citizen,Black or African American,11/11/13,,N/A - still employed,Leave of Absence,Production       ,Production Technician I,20,Kissy Sullivan,Diversity Job Fair,Fully Meets
"Carey, Michael  ",1311063114,MA,2/2/83,34,Male,widowed,US Citizen,Black or African American,3/31/14,,N/A - still employed,Active,Production       ,Production Technician I,20,Kelley Spirea,MBTA ads,Fully Meets
"Chace, Beatrice ",1208048062,MA,1/2/51,67,Female,Single,US Citizen,White,9/29/14,,N/A - still employed,Active,Production       ,Production Technician I,16,Michael Albert,Search Engine - Google Bing Yahoo,Fully Meets
"Chan, Lin",1305057282,MA,2/12/79,38,Female,Single,US Citizen,White,5/12/14,,N/A - still employed,Active,Production       ,Production Technician I,19.5,Elijiah Gray,Internet Search,Fully Meets
"Chang, Donovan  E",1111030129,MA,8/24/83,34,Male,Single,US Citizen,White,7/8/13,,N/A - still employed,Active,Production       ,Production Technician I,22,Webster Butler,Newspager/Magazine,Fully Meets
"Chivukula, Enola",1101023394,MA,8/27/83,34,Female,Single,US Citizen,White,6/27/11,11/15/15,relocation out of area,Voluntarily Terminated,Production       ,Production Technician I,21,Amy Dunn,Other,90-day meets
"Cierpiszewski, Caroline  ",1012023295,MA,5/31/88,29,Female,Single,Non-Citizen,Black or African American,10/3/11,,N/A - still employed,Active,Production       ,Production Technician I,22,Ketsia Liebig,Pay Per Click - Google,Fully Meets
"Clukey, Elijian",1407069280,MA,8/26/80,37,Male,Married,US Citizen,White,7/6/16,,N/A - Has not started yet,Future Start,Production       ,Production Technician I,24.75,Brannon Miller,Employee Referral,Exceeds
"Cockel, James",1599991009,MA,9/8/77,40,Male,Single,US Citizen,White,7/8/13,,N/A - still employed,Active,Production       ,Production Technician I,15,David Stanley,Employee Referral,Fully Meets
"Cole, Spencer",1001450968,MA,8/12/79,38,Male,Single,US Citizen,Black or African American,7/11/11,9/23/12,performance,Terminated for Cause,Production       ,Production Technician I,15,Kissy Sullivan,MBTA ads,Needs Improvement
"Cornett, Lisa ",1403066069,MA,3/31/77,40,Female,Married,US Citizen,White,1/5/15,,N/A - still employed,Active,Production       ,Production Technician I,15.75,Kelley Spirea,Billboard,90-day meets
"Crimmings,   Jean",1311063172,MA,4/10/87,30,Female,Single,US Citizen,White,7/6/16,,N/A - Has not started yet,Future Start,Production       ,Production Technician I,19.75,Michael Albert,Newspager/Magazine,N/A- too early to review
"Darson, Jene'ya ",1001109612,MA,11/5/78,39,Female,Married,US Citizen,White,7/2/12,,N/A - still employed,Active,Production       ,Production Technician I,15,Elijiah Gray,Billboard,Fully Meets
"DeGweck,  James",1306058816,MA,10/31/77,40,Male,Married,US Citizen,White,5/16/11,6/8/15,unhappy,Voluntarily Terminated,Production       ,Production Technician I,23.5,Webster Butler,Billboard,Fully Meets
"Desimone, Carl ",1501072124,MA,4/19/67,50,Male,Married,US Citizen,White,7/7/14,,N/A - still employed,Active,Production       ,Production Technician I,20,Amy Dunn,Professional Society,PIP
"Dickinson, Geoff ",706006285,MA,11/15/82,35,Male,Single,US Citizen,White,5/12/14,,N/A - still employed,Active,Production       ,Production Technician I,21,Ketsia Liebig,Pay Per Click - Google,Fully Meets
"DiNocco, Lily ",1209048696,MA,12/2/78,39,Female,Married,US Citizen,Black or African American,1/7/13,,N/A - still employed,Active,Production       ,Production Technician I,22,Brannon Miller,Pay Per Click - Google,Needs Improvement
"Dobrin, Denisa  S",1202031618,MA,10/7/86,31,Female,Single,US Citizen,White,4/2/12,,N/A - still employed,Active,Production       ,Production Technician I,16.75,David Stanley,Monster.com,Fully Meets
"Eaton, Marianne",1406067865,MA,9/5/91,26,Female,Married,US Citizen,White,4/4/11,6/6/13,military,Voluntarily Terminated,Production       ,Production Technician I,17,Kissy Sullivan,Search Engine - Google Bing Yahoo,Fully Meets
"Engdahl, Jean",1007020403,MA,5/31/74,43,Male,Single,US Citizen,White,11/10/14,,N/A - still employed,Active,Production       ,Production Technician I,21.25,Kelley Spirea,MBTA ads,Fully Meets
"England, Rex",1101023612,MA,8/25/78,39,Male,Married,US Citizen,White,3/31/14,,N/A - still employed,Active,Production       ,Production Technician I,21,Kelley Spirea,Employee Referral,90-day meets
"Estremera, Miguel",1104025243,MA,9/2/83,34,Male,Single,US Citizen,White,4/2/12,9/27/14,attendance,Terminated for Cause,Production       ,Production Technician I,17,Michael Albert,Word of Mouth,Needs Improvement
"Evensen, April",1107027392,MA,5/6/89,28,Female,Single,US Citizen,White,2/17/14,2/25/14,"no-call, no-show",Terminated for Cause,Production       ,Production Technician I,18,Elijiah Gray,Word of Mouth,N/A- too early to review
"Ferguson, Susan",1502072511,MA,4/14/55,62,Female,Married,US Citizen,White,11/7/11,5/17/14,military,Voluntarily Terminated,Production       ,Production Technician I,20,Webster Butler,Search Engine - Google Bing Yahoo,Fully Meets
"Fernandes, Nilson  ",1302053339,MA,10/18/89,28,Male,Married,US Citizen,White,5/11/15,,N/A - still employed,Active,Production       ,Production Technician I,18,Amy Dunn,Professional Society,N/A- too early to review
"Ferreira, Violeta",803009012,MA,6/10/86,31,Female,Single,US Citizen,White,2/20/12,,N/A - still employed,Active,Production       ,Production Technician I,23,Ketsia Liebig,Newspager/Magazine,Fully Meets
"Fidelia,  Libby",1006020020,MA,3/16/81,36,Female,Married,US Citizen,White,1/9/12,,N/A - still employed,Active,Production       ,Production Technician I,24,Brannon Miller,Social Networks - Facebook Twitter etc,Fully Meets
"Garcia, Raul",1309061015,MA,9/15/85,32,Male,Single,US Citizen,White,3/30/15,,N/A - still employed,Active,Production       ,Production Technician I,19,David Stanley,Employee Referral,N/A- too early to review
"Garneau, Hamish",1104025414,MA,4/18/80,37,Male,Single,US Citizen,Asian,7/8/13,,N/A - still employed,Active,Production       ,Production Technician I,18,Kissy Sullivan,Professional Society,Fully Meets
"Gaul, Barbara",1105026041,MA,12/2/83,34,Female,widowed,US Citizen,Black or African American,5/16/11,,N/A - still employed,Active,Production       ,Production Technician I,24,Kelley Spirea,MBTA ads,Fully Meets
"Gentry, Mildred",1501072192,MA,10/1/90,27,Female,Married,US Citizen,Black or African American,3/30/15,,N/A - still employed,Active,Production       ,Production Technician I,19,Michael Albert,Professional Society,N/A- too early to review
"Gerke, Melisa",1308060622,MA,5/15/70,47,Female,Divorced,US Citizen,White,11/7/11,11/15/11,hours,Voluntarily Terminated,Production       ,Production Technician I,22,Elijiah Gray,Diversity Job Fair,N/A- too early to review
"Gilles, Alex",1008020960,MA,8/9/74,43,Male,Married,US Citizen,Black or African American,4/2/12,6/25/15,military,Voluntarily Terminated,Production       ,Production Technician I,15,Webster Butler,Diversity Job Fair,Needs Improvement
"Girifalco, Evelyn",1204032927,MA,5/8/80,37,Female,Single,US Citizen,Two or more races,9/29/14,,N/A - still employed,Active,Production       ,Production Technician I,16,Amy Dunn,Professional Society,Exceeds
"Gold, Shenice  ",1408069539,MA,6/18/92,25,Female,Single,US Citizen,White,11/11/13,,N/A - still employed,Active,Production       ,Production Technician I,17,Ketsia Liebig,Glassdoor,Fully Meets
"Gonzalez, Cayo",1411071212,MA,9/29/69,48,Male,Divorced,US Citizen,American Indian or Alaska Native,7/11/11,,N/A - still employed,Active,Production       ,Production Technician I,16,Brannon Miller,Diversity Job Fair,Exceeds
"Gordon, David",1106026579,MA,5/21/79,38,Male,Married,US Citizen,White,7/2/12,,N/A - still employed,Active,Production       ,Production Technician I,15,David Stanley,MBTA ads,Fully Meets
"Goyal, Roxana",1312063675,MA,10/9/74,43,Female,Married,US Citizen,Asian,8/19/13,,N/A - still employed,Leave of Absence,Production       ,Production Technician I,24,Kissy Sullivan,On-campus Recruiting,Fully Meets
"Gross, Paula",1103024859,MA,5/21/83,34,Female,Divorced,US Citizen,White,2/21/11,1/11/14,more money,Voluntarily Terminated,Production       ,Production Technician I,14,Kelley Spirea,Monster.com,Fully Meets
"Handschiegl, Joanne",1405067064,MA,3/23/77,40,Female,Married,US Citizen,White,11/28/11,,N/A - still employed,Active,Production       ,Production Technician I,24,Michael Albert,Word of Mouth,Fully Meets
"Harrell, Ludwick",1406068241,MA,9/2/82,35,Male,Married,US Citizen,Asian,5/14/12,,N/A - still employed,Active,Production       ,Production Technician I,21,Elijiah Gray,Search Engine - Google Bing Yahoo,Fully Meets
"Harrington, Christie ",1110029602,MA,8/18/52,65,Female,Single,US Citizen,White,1/9/12,12/15/15,retiring,Voluntarily Terminated,Production       ,Production Technician I,19.75,Webster Butler,Monster.com,Fully Meets
"Harrison, Kara",1404066622,MA,5/2/74,43,Female,Married,US Citizen,White,5/12/14,,N/A - still employed,Active,Production       ,Production Technician I,20,Amy Dunn,Monster.com,Exceeds
"Heitzman, Anthony",1002017900,MA,1/4/84,34,Male,Single,US Citizen,White,8/13/12,,N/A - still employed,Active,Production       ,Production Technician I,19,Ketsia Liebig,Social Networks - Facebook Twitter etc,90-day meets
"Ivey, Rose ",1408069882,MA,1/28/91,27,Female,Single,US Citizen,White,8/19/13,,N/A - still employed,Active,Production       ,Production Technician I,16,Brannon Miller,Professional Society,Fully Meets
"Jackson, Maryellen",1201031438,MA,9/11/72,45,Female,Separated,US Citizen,White,11/5/12,,N/A - still employed,Active,Production       ,Production Technician I,20,David Stanley,Newspager/Magazine,Fully Meets
"Jacobi, Hannah  ",1503072857,MA,3/22/66,51,Female,Divorced,US Citizen,White,9/30/13,,N/A - still employed,Active,Production       ,Production Technician I,21,Kissy Sullivan,Employee Referral,Fully Meets
"Jhaveri, Sneha  ",1412071713,MA,4/13/64,53,Female,Separated,US Citizen,White,1/6/14,,N/A - still employed,Active,Production       ,Production Technician I,19,Kelley Spirea,On-campus Recruiting,Fully Meets
"Johnson, George",1105025721,MA,8/19/59,58,Male,Married,US Citizen,White,11/7/11,4/29/16,more money,Voluntarily Terminated,Production       ,Production Technician I,17,Michael Albert,Monster.com,Exceeds
"Jung, Judy  ",1107027450,MA,4/17/86,31,Female,Married,US Citizen,White,1/10/11,4/1/16,unhappy,Voluntarily Terminated,Production       ,Production Technician I,21,Elijiah Gray,Monster.com,90-day meets
"Keatts, Kramer ",1301052462,MA,1/19/76,42,Male,Single,US Citizen,White,9/30/13,,N/A - still employed,Active,Production       ,Production Technician I,19,Michael Albert,Billboard,Fully Meets
"Kinsella, Kathleen  ",710007401,MA,12/8/73,44,Female,Married,US Citizen,White,9/26/11,6/4/15,more money,Voluntarily Terminated,Production       ,Production Technician I,22,Webster Butler,Search Engine - Google Bing Yahoo,90-day meets
"Kirill, Alexandra  ",903013071,MA,10/8/70,47,Female,Married,US Citizen,White,9/26/11,1/9/12,more money,Voluntarily Terminated,Production       ,Production Technician I,24,Amy Dunn,Search Engine - Google Bing Yahoo,Fully Meets
"Knapp, Bradley  J",1304055683,MA,11/10/77,40,Male,Single,US Citizen,Black or African American,2/17/14,,N/A - still employed,Active,Production       ,Production Technician I,14,Ketsia Liebig,On-campus Recruiting,Fully Meets
"Kretschmer, John",1311062610,MA,2/2/80,37,Male,Married,US Citizen,Asian,1/10/11,,N/A - still employed,Active,Production       ,Production Technician I,21,Brannon Miller,Pay Per Click - Google,Fully Meets
"Langton, Enrico",1304055987,MA,12/9/86,31,Male,Married,US Citizen,White,7/9/12,,N/A - still employed,Active,Production       ,Production Technician I,17,David Stanley,Newspager/Magazine,Fully Meets
"Leach, Dallas",1408069409,MA,1/17/79,39,Female,Single,US Citizen,Asian,9/26/11,8/19/13,return to school,Voluntarily Terminated,Production       ,Production Technician I,19,Kissy Sullivan,Monster.com,Fully Meets
"LeBel, Jonathan  R",1107027575,MA,10/18/81,36,Male,Single,US Citizen,White,2/21/11,8/4/11,attendance,Terminated for Cause,Production       ,Production Technician I,15,Kelley Spirea,Social Networks - Facebook Twitter etc,90-day meets
"Linares, Marilyn ",1206042315,MA,3/26/81,36,Female,Married,US Citizen,White,7/5/11,9/26/11,unhappy,Voluntarily Terminated,Production       ,Production Technician I,15.25,Michael Albert,Internet Search,N/A- too early to review
"Lydon, Allison",1101023353,MA,10/22/75,42,Female,Married,US Citizen,Black or African American,2/16/15,,N/A - still employed,Leave of Absence,Production       ,Production Technician I,20,Elijiah Gray,Website Banner Ads,90-day meets
"Lynch, Lindsay",1001138521,MA,2/14/73,44,Female,Single,US Citizen,Two or more races,11/7/11,11/14/15,Another position,Voluntarily Terminated,Production       ,Production Technician I,19,Webster Butler,Diversity Job Fair,Exceeds
"MacLennan, Samuel",1201031032,MA,11/9/72,45,Male,widowed,US Citizen,White,9/24/12,9/26/12,hours,Voluntarily Terminated,Production       ,Production Technician I,15,Amy Dunn,Pay Per Click,N/A- too early to review
"Mahoney, Lauren  ",1209049259,MA,7/7/86,31,Female,Single,US Citizen,White,1/6/14,,N/A - still employed,Active,Production       ,Production Technician I,17,Ketsia Liebig,Newspager/Magazine,Fully Meets
"Mangal, Debbie",1308060754,MA,11/7/74,43,Female,Married,US Citizen,White,11/11/13,,N/A - still employed,Active,Production       ,Production Technician I,23,Brannon Miller,On-campus Recruiting,Fully Meets
"Maurice, Shana",1401064327,MA,11/22/77,40,Female,Married,US Citizen,White,5/31/11,,N/A - still employed,Active,Production       ,Production Technician I,20,David Stanley,Other,90-day meets
"Mckenna, Sandy",909015167,MA,1/7/87,31,Female,Married,US Citizen,Black or African American,1/7/13,,N/A - still employed,Active,Production       ,Production Technician I,24,Kissy Sullivan,Monster.com,Fully Meets
"Meads, Elizabeth",1409070245,MA,5/30/68,49,Female,Single,US Citizen,Black or African American,4/2/12,11/11/15,Another position,Voluntarily Terminated,Production       ,Production Technician I,14,Kelley Spirea,Diversity Job Fair,Fully Meets
"Medeiros, Jennifer",1109029256,MA,9/22/76,41,Female,Single,US Citizen,White,3/30/15,,N/A - still employed,Active,Production       ,Production Technician I,20,Michael Albert,Monster.com,N/A- too early to review
"Motlagh,  Dawn",1102024121,MA,7/7/84,33,Female,Divorced,US Citizen,White,4/1/13,,N/A - still employed,Active,Production       ,Production Technician I,15,Elijiah Gray,MBTA ads,Fully Meets
"Ndzi, Colombui",1204033041,MA,5/2/89,28,Male,Single,US Citizen,Black or African American,9/26/11,4/4/14,return to school,Voluntarily Terminated,Production       ,Production Technician I,18,Webster Butler,Diversity Job Fair,Fully Meets
"Ndzi, Horia",1204033041,MA,3/28/83,34,Male,Married,US Citizen,White,4/1/13,5/25/16,more money,Voluntarily Terminated,Production       ,Production Technician I,22,Amy Dunn,Employee Referral,Fully Meets
"Newman, Richard ",1302053044,MA,4/8/77,40,Male,Married,US Citizen,White,5/12/14,,N/A - still employed,Leave of Absence,Production       ,Production Technician I,21,Ketsia Liebig,On-campus Recruiting,Fully Meets
"Ngodup, Shari ",1403066020,MA,6/3/67,50,Female,Separated,US Citizen,Asian,4/1/13,,N/A - still employed,Active,Production       ,Production Technician I,15,Brannon Miller,Diversity Job Fair,Exceeds
"Nguyen, Lei-Ming",1203032357,MA,7/7/84,33,Female,Single,US Citizen,White,7/8/13,,N/A - still employed,Active,Production       ,Production Technician I,19,David Stanley,Vendor Referral,Fully Meets
"O'hare, Lynn",1206044851,MA,9/30/80,37,Female,widowed,US Citizen,Two or more races,3/31/14,5/1/16,performance,Terminated for Cause,Production       ,Production Technician I,18.5,Kissy Sullivan,Professional Society,PIP
"Osturnka, Adeel",1404066949,MA,12/11/76,41,Male,Married,US Citizen,White,9/30/13,,N/A - still employed,Active,Production       ,Production Technician I,16,Kelley Spirea,On-campus Recruiting,Exceeds
"Owad, Clinton",1103024335,MA,11/24/79,38,Male,Single,US Citizen,Black or African American,2/17/14,,N/A - still employed,Active,Production       ,Production Technician I,22,Michael Albert,MBTA ads,Needs Improvement
"Panjwani, Nina",1109029531,MA,5/1/79,38,Female,Married,US Citizen,White,2/7/11,1/12/14,Another position,Voluntarily Terminated,Production       ,Production Technician I,18,Elijiah Gray,Social Networks - Facebook Twitter etc,Fully Meets
"Pelech, Emil",1307060058,MA,3/17/88,29,Male,Single,US Citizen,Black or African American,1/10/11,12/28/12,career change,Voluntarily Terminated,Production       ,Production Technician I,24,Webster Butler,Search Engine - Google Bing Yahoo,Needs Improvement
"Perry, Shakira",1109029186,MA,7/20/86,31,Female,Single,US Citizen,White,5/16/11,10/25/15,medical issues,Voluntarily Terminated,Production       ,Production Technician I,22,Amy Dunn,MBTA ads,Fully Meets
"Peterson, Kayla ",1307059944,MA,9/23/73,44,Female,Married,US Citizen,White,4/26/10,,N/A - still employed,Active,Production       ,Production Technician I,17,Ketsia Liebig,Search Engine - Google Bing Yahoo,Fully Meets
"Pham, Hong",1305057440,MA,3/6/88,29,Male,Married,US Citizen,White,7/5/11,11/30/12,more money,Voluntarily Terminated,Production       ,Production Technician I,18,Brannon Miller,Search Engine - Google Bing Yahoo,Fully Meets
"Pitt, Brad ",1001735072,MA,11/23/81,36,Male,Single,US Citizen,Black or African American,11/5/07,,N/A - still employed,Active,Production       ,Production Technician I,17,David Stanley,Search Engine - Google Bing Yahoo,Fully Meets
"Power, Morissa",1102024274,MA,10/15/84,33,Female,Divorced,Eligible NonCitizen,Asian,5/16/11,6/4/11,Another position,Voluntarily Terminated,Production       ,Production Technician I,19,Kissy Sullivan,Social Networks - Facebook Twitter etc,N/A- too early to review
"Punjabhi, Louis  ",1401064562,MA,6/19/61,56,Male,Single,US Citizen,White,1/6/14,,N/A - still employed,Active,Production       ,Production Technician I,16,Kelley Spirea,Employee Referral,Fully Meets
"Purinton, Janine",1011022926,MA,9/22/70,47,Female,Divorced,US Citizen,White,9/24/12,6/18/13,unhappy,Voluntarily Terminated,Production       ,Production Technician I,16,Kissy Sullivan,Billboard,Fully Meets
"Rarrick, Quinn",1208048229,MA,12/31/84,33,Male,Divorced,US Citizen,White,9/26/11,4/7/12,more money,Voluntarily Terminated,Production       ,Production Technician I,21,Michael Albert,Pay Per Click - Google,Fully Meets
"Rhoads, Thomas",1211050793,MA,7/22/82,35,Male,Divorced,US Citizen,White,5/16/11,1/15/16,retiring,Voluntarily Terminated,Production       ,Production Technician I,20,Elijiah Gray,Professional Society,Fully Meets
"Rivera, Haley  ",1405067642,MA,1/12/73,45,Female,Married,US Citizen,Asian,11/28/11,,N/A - still employed,Active,Production       ,Production Technician I,22,Webster Butler,Search Engine - Google Bing Yahoo,Exceeds
"Robinson, Alain  ",1206038000,MA,1/7/74,44,Male,Married,US Citizen,Black or African American,1/10/11,1/26/16,attendance,Voluntarily Terminated,Production       ,Production Technician I,24,Amy Dunn,Glassdoor,Fully Meets
"Robinson, Cherly",1403065625,MA,1/7/85,33,Female,Married,US Citizen,White,1/10/11,5/17/16,attendance,Terminated for Cause,Production       ,Production Technician I,16,Ketsia Liebig,Glassdoor,Needs Improvement
"Robinson, Elias",1011022887,MA,1/28/85,33,Male,widowed,US Citizen,White,7/8/13,,N/A - still employed,Active,Production       ,Production Technician I,17,Brannon Miller,Employee Referral,Exceptional
"Rose, Ashley  ",710007555,MA,12/5/74,43,Female,Separated,US Citizen,White,1/6/14,,N/A - still employed,Active,Production       ,Production Technician I,17,David Stanley,Website Banner Ads,Fully Meets
"Rossetti, Bruno",1405067492,MA,3/18/87,30,Male,Single,US Citizen,White,4/4/11,8/13/12,Another position,Voluntarily Terminated,Production       ,Production Technician I,18,Kissy Sullivan,Search Engine - Google Bing Yahoo,Fully Meets
"Saar-Beckles, Melinda",1410070998,MA,6/6/68,49,Female,Single,US Citizen,Black or African American,7/4/16,,N/A - Has not started yet,Future Start,Production       ,Production Technician I,20,Kelley Spirea,Diversity Job Fair,N/A- too early to review
"Sadki, Nore  ",1308060535,MA,12/21/74,43,Male,Single,US Citizen,White,1/5/09,7/30/10,relocation out of area,Voluntarily Terminated,Production       ,Production Technician I,21,Michael Albert,Word of Mouth,Fully Meets
"Sander, Kamrin",1302053362,MA,7/10/88,29,Female,Married,US Citizen,Black or African American,9/29/14,,N/A - still employed,Active,Production       ,Production Technician I,21,Elijiah Gray,On-campus Recruiting,Fully Meets
"Sewkumar, Nori",807010161,MA,3/10/75,42,Female,Single,US Citizen,Asian,9/30/13,,N/A - still employed,Leave of Absence,Production       ,Production Technician I,15.2,Webster Butler,Search Engine - Google Bing Yahoo,Fully Meets
"Shields, Seffi",1205033102,MA,8/24/85,32,Female,Married,US Citizen,White,8/19/13,,N/A - still employed,Active,Production       ,Production Technician I,15,Amy Dunn,Newspager/Magazine,Fully Meets
"Smith, Sade",1501071909,MA,2/2/65,53,Female,Single,US Citizen,White,11/11/13,,N/A - still employed,Active,Production       ,Production Technician I,24.5,Ketsia Liebig,Employee Referral,Fully Meets
"Sparks, Taylor  ",1410071137,MA,7/20/68,49,Female,Married,US Citizen,White,2/20/12,,N/A - still employed,Active,Production       ,Production Technician I,16,Brannon Miller,Billboard,PIP
"Squatrito, Kristen",1405067138,MA,3/26/73,44,Female,Divorced,US Citizen,White,5/13/13,6/29/15,unhappy,Voluntarily Terminated,Production       ,Production Technician I,21,David Stanley,MBTA ads,Exceeds
"Stanford,Barbara  M",1111030244,MA,8/25/82,35,Female,Divorced,US Citizen,Two or more races,1/10/11,,N/A - still employed,Active,Production       ,Production Technician I,14,Kissy Sullivan,Word of Mouth,Fully Meets
"Stoica, Rick",1106026896,MA,3/14/85,32,Male,Married,US Citizen,Asian,2/17/14,,N/A - still employed,Active,Production       ,Production Technician I,22,Kelley Spirea,On-campus Recruiting,Fully Meets
"Sullivan, Timothy",1201031310,MA,10/7/82,35,Male,Married,US Citizen,White,1/5/15,,N/A - still employed,Active,Production       ,Production Technician I,19,Michael Albert,Word of Mouth,90-day meets
"Sutwell, Barbara",1407069061,MA,8/15/68,49,Female,Single,Eligible NonCitizen,Asian,5/14/12,,N/A - still employed,Active,Production       ,Production Technician I,14,Elijiah Gray,Glassdoor,Fully Meets
"Tavares, Desiree  ",1405067501,MA,4/3/75,42,Female,Married,Non-Citizen,Two or more races,4/27/09,4/1/13,Another position,Voluntarily Terminated,Production       ,Production Technician I,15,Webster Butler,Diversity Job Fair,Fully Meets
"Theamstern, Sophia",1404066739,MA,5/9/65,52,Female,Single,US Citizen,White,7/5/11,9/5/11,return to school,Voluntarily Terminated,Production       ,Production Technician I,20,Amy Dunn,Billboard,N/A- too early to review
"Tinto, Theresa  ",1103024504,MA,7/30/83,34,Female,Divorced,US Citizen,White,1/10/11,5/14/11,Another position,Voluntarily Terminated,Production       ,Production Technician I,20,Ketsia Liebig,Social Networks - Facebook Twitter etc,90-day meets
"Tippett, Jeanette",1409070255,MA,6/5/67,50,Female,Divorced,US Citizen,Black or African American,2/18/13,,N/A - still employed,Active,Production       ,Production Technician I,24,Brannon Miller,Billboard,Fully Meets
"Trang, Mei",1012023152,MA,5/16/83,34,Female,Single,US Citizen,White,2/17/14,,N/A - still employed,Active,Production       ,Production Technician I,22,David Stanley,Professional Society,N/A- too early to review
"Veera, Abdellah ",1203032235,MA,1/31/87,30,Male,Divorced,US Citizen,White,8/13/12,2/5/16,maternity leave - did not return,Voluntarily Terminated,Production       ,Production Technician I,19,Kissy Sullivan,Information Session,Exceeds
"Volk, Colleen",1011022814,MA,6/3/86,31,Female,Married,US Citizen,White,9/26/11,2/8/16,gross misconduct,Terminated for Cause,Production       ,Production Technician I,21,Kelley Spirea,Social Networks - Facebook Twitter etc,Exceeds
"Von Massenbach, Anna",1106026474,MA,4/6/85,32,Female,Single,US Citizen,White,7/5/15,,N/A - Has not started yet,Future Start,Production       ,Production Technician I,20,Michael Albert,Newspager/Magazine,N/A- too early to review
"Wallace, Theresa",1101023619,MA,8/2/80,37,Female,Single,US Citizen,White,8/13/12,9/1/15,career change,Voluntarily Terminated,Production       ,Production Technician I,15,Elijiah Gray,Monster.com,Needs Improvement
"Whittier, Scott",1307060212,MA,5/24/87,30,Male,Single,US Citizen,White,1/10/11,5/15/11,hours,Voluntarily Terminated,Production       ,Production Technician I,23,Webster Butler,Newspager/Magazine,90-day meets
"Wilber, Barry",1101023839,MA,9/9/65,52,Male,Married,Eligible NonCitizen,White,5/16/11,9/7/15,unhappy,Voluntarily Terminated,Production       ,Production Technician I,21,Amy Dunn,Website Banner Ads,Fully Meets
"Williams, Jacquelyn  ",1308060671,MA,10/2/69,48,Female,Single,US Citizen,Two or more races,1/9/12,6/27/15,relocation out of area,Voluntarily Terminated,Production       ,Production Technician I,16,Ketsia Liebig,Diversity Job Fair,Fully Meets
"Ybarra, Catherine ",1001268402,MA,5/4/82,35,Female,Single,US Citizen,Asian,9/2/08,9/29/15,Another position,Voluntarily Terminated,Production       ,Production Technician I,22,Brannon Miller,Search Engine - Google Bing Yahoo,PIP
"Zima, Colleen",1211051232,MA,8/17/78,39,Female,widowed,US Citizen,Asian,9/29/14,,N/A - still employed,Active,Production       ,Production Technician I,15,David Stanley,On-campus Recruiting,Fully Meets
"Akinkuolie, Sarah",1005019209,MA,9/19/88,29,Female,Married,US Citizen,White,7/5/11,9/24/12,hours,Voluntarily Terminated,Production       ,Production Technician II,29,Kissy Sullivan,Newspager/Magazine,90-day meets
"Beak, Kimberly  ",1303054329,MA,4/17/66,51,Female,Married,US Citizen,White,7/21/16,,N/A - Has not started yet,Future Start,Production       ,Production Technician II,27,Kelley Spirea,Employee Referral,Exceeds
"Blount, Dianna",1403066125,MA,9/21/90,27,Female,Single,US Citizen,White,4/4/11,,N/A - still employed,Active,Production       ,Production Technician II,27,Michael Albert,Monster.com,Needs Improvement
"Bondwell, Betsy",1008021030,MA,1/16/67,51,Female,Single,US Citizen,White,1/10/11,4/4/14,career change,Voluntarily Terminated,Production       ,Production Technician II,26,Elijiah Gray,Search Engine - Google Bing Yahoo,90-day meets
"Buccheri, Joseph  ",1101023457,MA,7/28/83,34,Male,Single,US Citizen,White,9/29/14,,N/A - still employed,Active,Production       ,Production Technician II,22,Webster Butler,Word of Mouth,Fully Meets
"Burke, Joelle",1011022820,MA,3/2/80,37,Female,Single,US Citizen,Black or African American,3/5/12,,N/A - still employed,Active,Production       ,Production Technician II,25,Amy Dunn,Employee Referral,Fully Meets
"Burkett, Benjamin ",1301052449,MA,8/19/77,40,Male,Married,US Citizen,White,4/4/11,,N/A - still employed,Active,Production       ,Production Technician II,26,Ketsia Liebig,Careerbuilder,Fully Meets
"Cloninger, Jennifer",1012023226,MA,8/31/81,36,Female,Married,US Citizen,White,5/16/11,1/7/13,unhappy,Voluntarily Terminated,Production       ,Production Technician II,25,Brannon Miller,Word of Mouth,90-day meets
"Close, Phil",1209048697,MA,11/25/78,39,Male,Married,US Citizen,White,8/30/10,9/26/11,career change,Voluntarily Terminated,Production       ,Production Technician II,26,David Stanley,Other,Fully Meets
"Davis, Daniel",1201031274,MA,9/14/79,38,Male,Single,Eligible NonCitizen,Two or more races,11/7/11,,N/A - still employed,Active,Production       ,Production Technician II,25,Kissy Sullivan,Newspager/Magazine,90-day meets
"Demita, Carla",1104025179,MA,2/25/51,66,Female,Separated,US Citizen,Black or African American,4/4/11,11/4/15,more money,Voluntarily Terminated,Production       ,Production Technician II,29,Kelley Spirea,Search Engine - Google Bing Yahoo,Fully Meets
"Erilus, Angela",1105025661,MA,8/25/89,28,Female,Separated,US Citizen,White,7/7/14,,N/A - still employed,Active,Production       ,Production Technician II,24,Michael Albert,Pay Per Click - Google,PIP
"Faller, Megan ",1108028428,MA,9/22/78,39,Female,Married,US Citizen,Black or African American,7/7/14,,N/A - still employed,Active,Production       ,Production Technician II,27,Elijiah Gray,Professional Society,Fully Meets
"Fancett, Nicole",1402065085,MA,9/27/87,30,Female,Single,US Citizen,Black or African American,2/17/14,,N/A - still employed,Active,Production       ,Production Technician II,24,Webster Butler,Newspager/Magazine,Fully Meets
"Fitzpatrick, Michael  J",1109029103,MA,10/1/81,36,Male,Single,US Citizen,White,5/16/11,6/24/13,hours,Voluntarily Terminated,Production       ,Production Technician II,29,Amy Dunn,Social Networks - Facebook Twitter etc,Fully Meets
"Foreman, Tanya",1012023204,MA,11/8/83,34,Female,Married,US Citizen,White,4/4/11,1/9/12,career change,Voluntarily Terminated,Production       ,Production Technician II,24,Ketsia Liebig,Word of Mouth,Fully Meets
"Gonzalez, Juan",1411071324,MA,10/12/64,53,Male,Married,US Citizen,Black or African American,4/26/10,5/30/11,career change,Voluntarily Terminated,Production       ,Production Technician II,29,Brannon Miller,Diversity Job Fair,PIP
"Good, Susan",1001549006,MA,5/25/86,31,Female,Married,US Citizen,White,5/12/14,,N/A - still employed,Leave of Absence,Production       ,Production Technician II,24.25,David Stanley,Professional Society,Fully Meets
"Gosciminski, Phylicia  ",1108028351,MA,12/8/83,34,Female,Separated,US Citizen,American Indian or Alaska Native,9/30/13,,N/A - still employed,Leave of Absence,Production       ,Production Technician II,27,Kissy Sullivan,Word of Mouth,Fully Meets
"Hankard, Earnest",1307059937,MA,8/10/88,29,Male,Single,US Citizen,White,11/11/13,,N/A - still employed,Active,Production       ,Production Technician II,24,Kelley Spirea,Newspager/Magazine,Fully Meets
"Hendrickson, Trina",1011022932,MA,8/27/72,45,Female,Single,US Citizen,White,1/10/11,2/18/13,hours,Voluntarily Terminated,Production       ,Production Technician II,24,Kelley Spirea,Monster.com,Fully Meets
"Homberger, Adrienne  J",1207046956,MA,2/16/84,33,Female,Married,Non-Citizen,White,8/15/11,4/7/12,relocation out of area,Voluntarily Terminated,Production       ,Production Technician II,28,Michael Albert,Glassdoor,Fully Meets
"Hunts, Julissa",1106026433,MA,3/11/84,33,Female,Single,US Citizen,White,6/6/16,,N/A - Has not started yet,Future Start,Production       ,Production Technician II,25,Elijiah Gray,Vendor Referral,N/A- too early to review
"Hutter, Rosalie",1103024924,MA,5/7/92,25,Female,Separated,US Citizen,White,6/5/15,,N/A - Has not started yet,Future Start,Production       ,Production Technician II,28,Webster Butler,Other,N/A- too early to review
"Huynh, Ming",1306058509,MA,9/22/76,41,Female,Divorced,US Citizen,White,2/21/11,4/1/13,unhappy,Voluntarily Terminated,Production       ,Production Technician II,23,Amy Dunn,Search Engine - Google Bing Yahoo,Fully Meets
"Jeannite, Tayana",1008020942,MA,11/6/86,31,Female,Divorced,US Citizen,American Indian or Alaska Native,7/5/11,,N/A - still employed,Active,Production       ,Production Technician II,22.5,Ketsia Liebig,MBTA ads,Exceeds
"Johnston, Yen",1306057810,MA,9/8/69,48,Female,Single,US Citizen,White,7/7/14,,N/A - still employed,Active,Production       ,Production Technician II,25,Brannon Miller,Professional Society,Exceptional
"Langford, Lindsey",1010022030,MA,7/25/79,38,Female,Divorced,US Citizen,Asian,1/7/13,3/31/14,Another position,Voluntarily Terminated,Production       ,Production Technician II,22,David Stanley,Glassdoor,Fully Meets
"Latif, Mohammed",1104025486,MA,5/9/84,33,Male,Married,US Citizen,White,4/2/12,4/15/13,more money,Voluntarily Terminated,Production       ,Production Technician II,28,Kissy Sullivan,Word of Mouth,Fully Meets
"Linden, Mathew",1405067565,MA,3/19/79,38,Male,Married,US Citizen,White,7/8/13,,N/A - still employed,Leave of Absence,Production       ,Production Technician II,22,Kelley Spirea,Information Session,Fully Meets
"Lundy, Susan",1305056276,MA,12/26/76,41,Female,widowed,US Citizen,White,7/8/13,9/15/13,more money,Voluntarily Terminated,Production       ,Production Technician II,24,Michael Albert,On-campus Recruiting,N/A- too early to review
"Lunquist, Lisa",1001504432,MA,3/28/82,35,Female,Single,US Citizen,Black or African American,8/19/13,,N/A - still employed,Active,Production       ,Production Technician II,26.1,Elijiah Gray,Glassdoor,Exceeds
"Manchester, Robyn",1110029623,MA,8/25/76,41,Female,Married,US Citizen,White,5/11/16,,N/A - Has not started yet,Future Start,Production       ,Production Technician II,23,Webster Butler,Vendor Referral,N/A- too early to review
"Mancuso, Karen",1304055986,MA,12/10/86,31,Female,Married,US Citizen,Two or more races,7/5/11,8/19/11,Another position,Voluntarily Terminated,Production       ,Production Technician II,23,Amy Dunn,Newspager/Magazine,N/A- too early to review
"McCarthy, Brigit",1406067957,MA,5/21/87,30,Female,Single,US Citizen,White,3/30/15,,N/A - still employed,Active,Production       ,Production Technician II,26,Ketsia Liebig,Newspager/Magazine,N/A- too early to review
"Miller, Ned",1205033439,MA,6/29/85,32,Male,Single,US Citizen,White,8/15/11,9/4/14,unhappy,Voluntarily Terminated,Production       ,Production Technician II,25,Brannon Miller,MBTA ads,PIP
"Monkfish, Erasumus  ",1404066711,MA,8/17/92,25,Male,Married,US Citizen,White,11/7/11,,N/A - still employed,Active,Production       ,Production Technician II,27,David Stanley,Professional Society,Fully Meets
"Monterro, Luisa",1001103149,MA,4/24/70,47,Female,Single,US Citizen,Black or African American,5/13/13,,N/A - still employed,Active,Production       ,Production Technician II,25,Kissy Sullivan,Billboard,Exceptional
"Moran, Patrick",1408069503,MA,12/3/76,41,Male,Single,US Citizen,Hispanic,1/9/12,,N/A - still employed,Leave of Absence,Production       ,Production Technician II,26,Kelley Spirea,Diversity Job Fair,Fully Meets
"Moumanil, Maliki ",1301052436,MA,12/1/74,43,Male,Separated,US Citizen,Black or African American,5/13/13,,N/A - still employed,Active,Production       ,Production Technician II,29,Michael Albert,On-campus Recruiting,Fully Meets
"Nowlan, Kristie",1104025435,MA,11/23/85,32,Female,Single,US Citizen,White,11/10/14,,N/A - still employed,Active,Production       ,Production Technician II,26.39,Elijiah Gray,Glassdoor,Fully Meets
"Oliver, Brooke ",1001856521,MA,2/11/52,65,Female,Married,US Citizen,Asian,5/14/12,8/19/13,unhappy,Voluntarily Terminated,Production       ,Production Technician II,25,Webster Butler,Newspager/Magazine,90-day meets
"Pelletier, Ermine",1202031821,MA,7/18/89,28,Female,Married,US Citizen,Asian,7/5/11,9/15/11,unhappy,Voluntarily Terminated,Production       ,Production Technician II,28,Amy Dunn,Monster.com,N/A- too early to review
"Peters, Lauren",1411071406,MA,8/17/86,31,Female,Married,US Citizen,White,5/16/11,2/4/12,more money,Voluntarily Terminated,Production       ,Production Technician II,29,Ketsia Liebig,Pay Per Click - Google,Exceeds
"Petingill, Shana  ",1103024843,MA,3/10/79,38,Female,Married,Eligible NonCitizen,Asian,4/2/12,,N/A - still employed,Active,Production       ,Production Technician II,26,Brannon Miller,MBTA ads,Fully Meets
"Roberson, May",1402065340,MA,9/5/81,36,Female,Divorced,Eligible NonCitizen,White,9/26/11,10/22/11,return to school,Voluntarily Terminated,Production       ,Production Technician II,26,David Stanley,Search Engine - Google Bing Yahoo,N/A- too early to review
"Robertson, Peter",1499902991,MA,7/3/72,45,Male,Married,US Citizen,White,7/5/11,2/8/12,Another position,Voluntarily Terminated,Production       ,Production Technician II,22,Kissy Sullivan,Glassdoor,Fully Meets
"Sahoo, Adil",1106026462,MA,4/26/86,31,Male,Married,US Citizen,White,8/30/10,,N/A - still employed,Active,Production       ,Production Technician II,29,Kelley Spirea,Monster.com,Fully Meets
"Sloan, Constance",1012023103,MA,11/25/87,30,Female,Single,US Citizen,White,10/26/09,4/8/15,maternity leave - did not return,Voluntarily Terminated,Production       ,Production Technician II,23,Michael Albert,Monster.com,Fully Meets
"Smith, Joe",1001970770,MA,10/30/63,54,Male,Single,US Citizen,White,9/29/14,,N/A - still employed,Active,Production       ,Production Technician II,22,Elijiah Gray,Pay Per Click - Google,Exceeds
"Tejeda, Lenora ",1406068345,MA,5/24/53,64,Female,Married,US Citizen,White,5/16/11,7/8/12,Another position,Voluntarily Terminated,Production       ,Production Technician II,28.75,Elijiah Gray,Search Engine - Google Bing Yahoo,Fully Meets
"Thibaud, Kenneth",1011022777,MA,9/16/75,42,Male,widowed,US Citizen,White,6/25/07,8/30/10,military,Voluntarily Terminated,Production       ,Production Technician II,23,Webster Butler,Pay Per Click - Google,Fully Meets
"Trzeciak, Cybil",1107027551,MA,3/15/85,32,Female,Single,US Citizen,White,1/10/11,7/2/12,unhappy,Voluntarily Terminated,Production       ,Production Technician II,22,Amy Dunn,Vendor Referral,Fully Meets
"Walker, Roger",1011022818,MA,2/10/76,41,Male,Single,US Citizen,Black or African American,8/18/14,,N/A - still employed,Active,Production       ,Production Technician II,22,Ketsia Liebig,Employee Referral,Fully Meets
"Winthrop, Jordan  ",1405067188,MA,11/7/58,59,male,Single,US Citizen,White,1/7/13,2/21/16,retiring,Voluntarily Terminated,Production       ,Production Technician II,29,Brannon Miller,Professional Society,Exceeds
"Wolk, Hang  T",1205033180,MA,4/20/85,32,Female,Single,US Citizen,White,9/29/14,,N/A - still employed,Active,Production       ,Production Technician II,22,David Stanley,Newspager/Magazine,Fully Meets
"Woodson, Jason",1012023010,MA,5/11/85,32,Male,Single,US Citizen,White,7/7/14,,N/A - still employed,Active,Production       ,Production Technician II,24.25,Kissy Sullivan,Vendor Referral,Fully Meets
"Buck, Edward",1504073313,MA,7/7/75,42,Male,Married,US Citizen,White,9/29/14,,N/A - still employed,Active,Sales,Area Sales Manager,55,Lynn Daneault,Employee Referral,Fully Meets
"Bunbury, Jessica",1504073368,VA,6/1/64,53,Female,Married,Eligible NonCitizen,Black or African American,8/15/11,8/2/14,Another position,Voluntarily Terminated,Sales,Area Sales Manager,55,John Smith,Social Networks - Facebook Twitter etc,Fully Meets
"Carter, Michelle ",1403065721,VT,5/15/63,54,Female,Single,US Citizen,White,8/18/14,,N/A - still employed,Active,Sales,Area Sales Manager,55,John Smith,Billboard,Fully Meets
"Costa, Latia",1409070567,CA,11/8/88,29,Female,Single,US Citizen,White,1/10/11,,N/A - still employed,Active,Sales,Area Sales Manager,55,Lynn Daneault,Other,Exceeds
"Dietrich, Jenna  ",1408069481,WA,5/14/87,30,Female,Single,US Citizen,White,2/20/12,,N/A - still employed,Active,Sales,Area Sales Manager,55,John Smith,Website Banner Ads,PIP
"Digitale, Alfred",1306059197,NH,9/14/88,29,Male,Married,US Citizen,American Indian or Alaska Native,8/18/14,,N/A - still employed,Active,Sales,Area Sales Manager,56,John Smith,Pay Per Click - Google,Fully Meets
"Fraval, Maruk ",1411071302,CT,8/28/63,54,Male,Single,US Citizen,Black or African American,9/6/11,,N/A - still employed,Active,Sales,Area Sales Manager,55,Lynn Daneault,Monster.com,Fully Meets
"Friedman, Gerry",1204032843,NY,2/24/69,48,Male,Single,US Citizen,Two or more races,3/7/11,,N/A - still employed,Active,Sales,Area Sales Manager,55.5,John Smith,Diversity Job Fair,Fully Meets
"Gill, Whitney  ",1302053046,OH,7/10/71,46,Female,widowed,US Citizen,Black or African American,7/7/14,9/5/15,attendance,Terminated for Cause,Sales,Area Sales Manager,55,John Smith,Monster.com,Fully Meets
"Givens, Myriam",1203032099,IN,9/22/89,28,Female,Single,US Citizen,White,2/16/15,,N/A - still employed,Active,Sales,Area Sales Manager,55,Lynn Daneault,Pay Per Click - Google,90-day meets
"Gonzales, Ricardo",1411071481,ID,10/12/54,63,Male,Married,US Citizen,White,5/12/14,,N/A - still employed,Active,Sales,Area Sales Manager,55.5,John Smith,Monster.com,Fully Meets
"Guilianno, Mike",1001167253,TN,2/9/69,48,Male,Single,US Citizen,Two or more races,3/7/11,10/31/14,relocation out of area,Voluntarily Terminated,Sales,Area Sales Manager,55,John Smith,Newspager/Magazine,Fully Meets
Jeremy Prater,1001084890,NV,5/9/74,43,Male,Married,US Citizen,White,5/12/14,,N/A - still employed,Active,Sales,Area Sales Manager,56,Lynn Daneault,Website Banner Ads,PIP
"Khemmich, Bartholemew",1104025008,CO,11/27/79,38,Male,Single,US Citizen,White,8/19/13,,N/A - still employed,Active,Sales,Area Sales Manager,55,Lynn Daneault,Pay Per Click - Google,Fully Meets
"Leruth, Giovanni",1412071660,UT,12/27/88,29,Male,Separated,US Citizen,Black or African American,4/30/12,,N/A - still employed,Active,Sales,Area Sales Manager,55,John Smith,Website Banner Ads,Fully Meets
"Martins, Joseph",1209048771,TX,6/11/70,47,Male,Single,Eligible NonCitizen,Black or African American,5/14/12,,N/A - still employed,Active,Sales,Area Sales Manager,56,Lynn Daneault,Employee Referral,Fully Meets
"McKinzie, Jac",1209049326,TX,7/1/84,33,Male,Married,US Citizen,Two or more races,7/6/16,,N/A - Has not started yet,Future Start,Sales,Area Sales Manager,55,Lynn Daneault,Website Banner Ads,N/A- too early to review
"Mullaney, Howard",1306057978,AL,11/2/75,42,Male,Single,US Citizen,Two or more races,9/29/14,,N/A - still employed,Active,Sales,Area Sales Manager,55,John Smith,Internet Search,Needs Improvement
"Nguyen, Dheepa",1111030684,GA,3/31/89,28,Female,Single,US Citizen,Two or more races,7/8/13,,N/A - still employed,Active,Sales,Area Sales Manager,55,Lynn Daneault,Pay Per Click - Google,Fully Meets
"Onque, Jasmine",1501072180,FL,5/11/90,27,Female,Single,US Citizen,White,9/30/13,,N/A - still employed,Active,Sales,Area Sales Manager,57,Lynn Daneault,Pay Per Click - Google,Fully Meets
"Ozark, Travis",812011761,NC,5/19/82,35,Male,Single,US Citizen,White,1/5/15,,N/A - still employed,Active,Sales,Area Sales Manager,55,John Smith,Website Banner Ads,90-day meets
"Potts, Xana",1102024106,KY,8/29/88,29,Female,Married,US Citizen,Black or African American,1/9/12,,N/A - still employed,Active,Sales,Area Sales Manager,55,Lynn Daneault,Website Banner Ads,Fully Meets
"Riordan, Michael",1502072711,ND,1/15/68,50,Male,Separated,US Citizen,White,1/9/06,,N/A - still employed,Active,Sales,Area Sales Manager,55,Lynn Daneault,Billboard,Exceeds
"Strong, Caitrin",1411071295,MT,5/12/89,28,Female,Married,US Citizen,Black or African American,9/27/10,,N/A - still employed,Active,Sales,Area Sales Manager,54,John Smith,Professional Society,Fully Meets
"Terry, Sharlene ",1401064637,OR,5/7/65,52,Female,Single,US Citizen,Black or African American,9/29/14,,N/A - still employed,Active,Sales,Area Sales Manager,55,Lynn Daneault,Monster.com,Fully Meets
"Valentin,Jackie",1312063714,AZ,5/23/91,26,Female,Married,US Citizen,Two or more races,7/5/11,,N/A - still employed,Active,Sales,Area Sales Manager,55,John Smith,Other,Fully Meets
"Villanueva, Noah",1111030503,ME,7/11/89,28,Male,Single,US Citizen,Asian,3/5/12,,N/A - still employed,Active,Sales,Area Sales Manager,56,John Smith,Website Banner Ads,Fully Meets
"Houlihan, Debra",1009021646,RI,3/17/66,51,Female,Married,US Citizen,White,5/5/14,,N/A - still employed,Active,Sales,Director of Sales,60,Janet King,MBTA ads,Fully Meets
"Daneault, Lynn",1402065303,VT,4/19/90,27,Female,Single,US Citizen,White,5/5/14,,N/A - still employed,Active,Sales,Sales Manager,54,Debra Houlihan,Pay Per Click - Google,Fully Meets
"Kampew, Donysha    ",1109029264,PA,11/11/89,28,Female,Single,US Citizen,White,11/7/11,4/24/14,maternity leave - did not return,Voluntarily Terminated,Sales,Sales Manager,60.25,Debra Houlihan,Social Networks - Facebook Twitter etc,Fully Meets
"Smith, John",1499902910,MA,8/16/84,33,Male,Divorced,US Citizen,Black or African American,5/18/14,,N/A - still employed,Active,Sales,Sales Manager,56,Debra Houlihan,Diversity Job Fair,Needs Improvement
"Andreola, Colby",1107027358,MA,5/24/79,38,Female,Single,US Citizen,White,11/10/14,,N/A - still employed,Active,Software Engineering,Software Engineer,47.6,Alex Sweetwater,Vendor Referral,Fully Meets
"Carabbio, Judith",1101023577,MA,4/5/87,30,Female,Single,US Citizen,White,11/11/13,,N/A - still employed,Active,Software Engineering,Software Engineer,56,Alex Sweetwater,Pay Per Click - Google,90-day meets
"Del Bosque, Keyla",1203032498,MA,7/5/79,38,Female,Single,US Citizen,Black or African American,1/9/12,,N/A - still employed,Active,Software Engineering,Software Engineer,57.12,Alex Sweetwater,Monster.com,90-day meets
"Exantus, Susan",1401064670,MA,5/15/87,30,Female,Married,US Citizen,Black or African American,5/2/11,6/5/13,attendance,Terminated for Cause,Software Engineering,Software Engineer,48.5,Alex Sweetwater,Billboard,Needs Improvement
"Martin, Sandra",1303054625,MA,11/7/87,30,Female,Separated,US Citizen,Asian,11/11/13,,N/A - still employed,Active,Software Engineering,Software Engineer,55.51,Alex Sweetwater,Search Engine - Google Bing Yahoo,Fully Meets
"Patronick, Luke",1112030979,MA,2/20/79,38,Male,Single,US Citizen,Asian,11/7/11,9/7/15,Another position,Voluntarily Terminated,Software Engineering,Software Engineer,52.25,Alex Sweetwater,Diversity Job Fair,Exceeds
"Saada, Adell",1012023185,MA,7/24/86,31,Female,Married,US Citizen,White,11/5/12,,N/A - still employed,Active,Software Engineering,Software Engineer,49.25,Alex Sweetwater,Pay Per Click - Google,Fully Meets
"Szabo, Andrew",1201031324,MA,5/6/83,34,Male,Single,US Citizen,White,7/7/14,,N/A - still employed,Active,Software Engineering,Software Engineer,48,Alex Sweetwater,MBTA ads,Exceptional
"True, Edward",1102024057,MA,6/14/83,34,Male,Single,Non-Citizen,Black or African American,2/18/13,4/15/14,medical issues,Voluntarily Terminated,Software Engineering,Software Engineer,45.42,Alex Sweetwater,Diversity Job Fair,Fully Meets
"Sweetwater, Alex",1001644719,MA,11/22/66,51,Male,Single,US Citizen,White,8/15/11,,N/A - still employed,Active,Software Engineering     ,Software Engineering Manager,27,Jennifer Zamora,Search Engine - Google Bing Yahoo,Fully Meets